SET DEFINE OFF;
--------------------------------------------------------------------------------
--      DISABLE CONSTRAINTS
--------------------------------------------------------------------------------
ALTER TABLE DEGREE_PROGRAM DISABLE CONSTRAINT DEGREEPROGRAMCLASSIFICATION_ID;
ALTER TABLE DEGREE_YEAR DISABLE CONSTRAINT DEGREE_YEAR_DEGREE_PROGRAM_ID;
ALTER TABLE DEGREE_YEAR DISABLE CONSTRAINT FK_DEGREE_YEAR_YEAR_ID;
ALTER TABLE STUDENT DISABLE CONSTRAINT STUDENTDEGREEYEARDEGREEYEAR_ID;
ALTER TABLE ASSET DISABLE CONSTRAINT FK_ASSET_TYPE;
ALTER TABLE ASSET_PATRON_CONSTRAINT DISABLE CONSTRAINT FK_ASSET_P_C_ASSET_TYPE;
ALTER TABLE RESERVE_BOOK DISABLE CONSTRAINT FK_RESERVE_BOOK_COURSE_ID;
ALTER TABLE ENROLL DISABLE CONSTRAINT FK_ENROLL_COURSE_ID;
ALTER TABLE TEACH DISABLE CONSTRAINT FK_TEACH_COURSE_ID;
ALTER TABLE ASSET_CHECKOUT_CONSTRAINT DISABLE CONSTRAINT SSTCHCKUTCONSTRAINTSSTCHCKUTID;
ALTER TABLE ROOM_RESERVATION DISABLE CONSTRAINT ROOM_RESERVATION_CHECKOUT_ID;
ALTER TABLE CAMERA_RESERVATION DISABLE CONSTRAINT CAMERA_RESERVATION_CHECKOUT_ID;
ALTER TABLE ASSET_PATRON_CONSTRAINT DISABLE CONSTRAINT ASSET_PATRON_CONSTRAINT_P_TYPE;
ALTER TABLE PATRON DISABLE CONSTRAINT FK_PATRON_TYPE;
ALTER TABLE LOGIN_DETAILS DISABLE CONSTRAINT LOGIN_DETAILS_PATRON_PATRON_ID;
ALTER TABLE STUDENT DISABLE CONSTRAINT FK_STUDENT_STUDENT_ID;
ALTER TABLE FACULTY DISABLE CONSTRAINT FK_FACULTY_FACULTY_ID;
ALTER TABLE RESERVE_BOOK DISABLE CONSTRAINT FK_RESERVE_BOOK_FACULTY_ID;
ALTER TABLE ASSET_CHECKOUT DISABLE CONSTRAINT FK_ASSET_CHECKOUT_PATRON_ID;
ALTER TABLE ASSET_CHECKOUT_CONSTRAINT DISABLE CONSTRAINT SSETCHECKOUTCONSTRAINTPATRONID;
ALTER TABLE ROOM_RESERVATION DISABLE CONSTRAINT FK_ROOM_RESERVATION_PATRON_ID;
ALTER TABLE CAMERA_RESERVATION DISABLE CONSTRAINT CAMERA_RESERVATION_PATRON_ID;
ALTER TABLE ENROLL DISABLE CONSTRAINT FK_ENROLL_STUDENT_ID;
ALTER TABLE ASSET DISABLE CONSTRAINT FK_ASSET_LIBRARY_ID;
ALTER TABLE TEACH DISABLE CONSTRAINT FK_TEACH_FACULTY_ID;
ALTER TABLE FACULTY DISABLE CONSTRAINT FK_FACULTY_CATEGORY_ID;
ALTER TABLE PATRON DISABLE CONSTRAINT FK_PATRON_DEPARTMENT_ID;
ALTER TABLE BOOK_AUTHOR DISABLE CONSTRAINT FK_BOOK_AUTHOR_AUTHOR_ID;
ALTER TABLE CONF_PROC_AUTHOR DISABLE CONSTRAINT FK_CONF_PROC_AUTHOR_AUTHOR_ID;
ALTER TABLE JOURNAL_AUTHOR DISABLE CONSTRAINT FK_JOURNAL_AUTHOR_AUTHOR_ID;
ALTER TABLE BOOK_DETAIL DISABLE CONSTRAINT FK_BOOK_DETAIL_PUBLISHER_ID;
ALTER TABLE PUBLICATION DISABLE CONSTRAINT FK_PUBLICATION_PUBLICATION_ID;
ALTER TABLE BOOK DISABLE CONSTRAINT FK_BOOK_BOOK_ID;
ALTER TABLE CAMERA DISABLE CONSTRAINT FK_CAMERA_CAMERA_ID;
ALTER TABLE CONF_PROCEEDING DISABLE CONSTRAINT CONF_PROCEEDING_CONF_PROC_ID;
ALTER TABLE JOURNAL DISABLE CONSTRAINT FK_JOURNAL_JOURNAL_ID;
ALTER TABLE ROOM DISABLE CONSTRAINT FK_ROOM_ROOM_ID;
ALTER TABLE STUDY_ROOM DISABLE CONSTRAINT FK_STUDY_ROOM_STUDY_ROOM_ID;
ALTER TABLE CONFERENCE_ROOM DISABLE CONSTRAINT CONFERENCE_ROOM_CONF_ROOM_ID;
ALTER TABLE ASSET_CHECKOUT DISABLE CONSTRAINT ASSET_CHECKOUT_ASSET_ASSET_ID;
ALTER TABLE ROOM_RESERVATION DISABLE CONSTRAINT ROOM_RESERVATION_ROOM_ASSET_ID;
ALTER TABLE CAMERA_RESERVATION DISABLE CONSTRAINT CAMERA_RESERVATION_CAMERA_ID;
ALTER TABLE BOOK DISABLE CONSTRAINT FK_BOOK_ISBN_NUMBER;
ALTER TABLE BOOK_AUTHOR DISABLE CONSTRAINT FK_BOOK_AUTHOR_BOOK_ID;
ALTER TABLE CAMERA DISABLE CONSTRAINT FK_CAMERA_CAMERA_DETAIL_ID;
ALTER TABLE CONF_PROCEEDING DISABLE CONSTRAINT FK_CONF_PROCEEDING_CONF_NUM;
ALTER TABLE CONF_PROC_AUTHOR DISABLE CONSTRAINT FK_CONF_PROC_AUTHOR_CONF_NUM;
ALTER TABLE JOURNAL DISABLE CONSTRAINT FK_JOURNAL_ISSN_NUMBER;
ALTER TABLE JOURNAL_AUTHOR DISABLE CONSTRAINT FK_JOURNAL_AUTHOR_JOURNAL_ID;
--------------------------------------------------------------------------------
--      END
--------------------------------------------------------------------------------

REM INSERTING into CSC540.ASSET
SET DEFINE OFF;
Insert into CSC540.ASSET (ASSET_ID,ASSET_TYPE,LIBRARY_ID) values ('11',2,1);
Insert into CSC540.ASSET (ASSET_ID,ASSET_TYPE,LIBRARY_ID) values ('12',2,1);
Insert into CSC540.ASSET (ASSET_ID,ASSET_TYPE,LIBRARY_ID) values ('15',6,1);
Insert into CSC540.ASSET (ASSET_ID,ASSET_TYPE,LIBRARY_ID) values ('16',5,1);
Insert into CSC540.ASSET (ASSET_ID,ASSET_TYPE,LIBRARY_ID) values ('17',5,2);
Insert into CSC540.ASSET (ASSET_ID,ASSET_TYPE,LIBRARY_ID) values ('18',6,1);
Insert into CSC540.ASSET (ASSET_ID,ASSET_TYPE,LIBRARY_ID) values ('19',5,1);
Insert into CSC540.ASSET (ASSET_ID,ASSET_TYPE,LIBRARY_ID) values ('20',5,2);
Insert into CSC540.ASSET (ASSET_ID,ASSET_TYPE,LIBRARY_ID) values ('1',1,1);
Insert into CSC540.ASSET (ASSET_ID,ASSET_TYPE,LIBRARY_ID) values ('2',1,1);
Insert into CSC540.ASSET (ASSET_ID,ASSET_TYPE,LIBRARY_ID) values ('3',1,1);
Insert into CSC540.ASSET (ASSET_ID,ASSET_TYPE,LIBRARY_ID) values ('4',1,1);
Insert into CSC540.ASSET (ASSET_ID,ASSET_TYPE,LIBRARY_ID) values ('5',1,1);
Insert into CSC540.ASSET (ASSET_ID,ASSET_TYPE,LIBRARY_ID) values ('6',1,1);
Insert into CSC540.ASSET (ASSET_ID,ASSET_TYPE,LIBRARY_ID) values ('7',1,1);
Insert into CSC540.ASSET (ASSET_ID,ASSET_TYPE,LIBRARY_ID) values ('8',1,1);
Insert into CSC540.ASSET (ASSET_ID,ASSET_TYPE,LIBRARY_ID) values ('9',1,1);
Insert into CSC540.ASSET (ASSET_ID,ASSET_TYPE,LIBRARY_ID) values ('10',1,1);
Insert into CSC540.ASSET (ASSET_ID,ASSET_TYPE,LIBRARY_ID) values ('21',5,1);
Insert into CSC540.ASSET (ASSET_ID,ASSET_TYPE,LIBRARY_ID) values ('CA1',7,1);
Insert into CSC540.ASSET (ASSET_ID,ASSET_TYPE,LIBRARY_ID) values ('13',3,1);
Insert into CSC540.ASSET (ASSET_ID,ASSET_TYPE,LIBRARY_ID) values ('14',3,1);
Insert into CSC540.ASSET (ASSET_ID,ASSET_TYPE,LIBRARY_ID) values ('CA2',7,1);
Insert into CSC540.ASSET (ASSET_ID,ASSET_TYPE,LIBRARY_ID) values ('CA3',7,1);
REM INSERTING into CSC540.ASSET_CHECKOUT
SET DEFINE OFF;
Insert into CSC540.ASSET_CHECKOUT (ID,ASSET_SECONDARY_ID,DUE_DATE,FINE,ISSUE_DATE,RETURN_DATE,ASSET_ASSET_ID,PATRON_ID) values (1,'B2',to_timestamp('13-NOV-15 12.00.00.000000000 PM','DD-MON-RR HH.MI.SSXFF AM'),0,to_timestamp('08-NOV-15 12.00.00.000000000 PM','DD-MON-RR HH.MI.SSXFF AM'),to_timestamp('13-NOV-15 12.00.00.000000000 PM','DD-MON-RR HH.MI.SSXFF AM'),'4','S1');
Insert into CSC540.ASSET_CHECKOUT (ID,ASSET_SECONDARY_ID,DUE_DATE,FINE,ISSUE_DATE,RETURN_DATE,ASSET_ASSET_ID,PATRON_ID) values (3,'B4',to_timestamp('11-NOV-15 12.00.00.000000000 PM','DD-MON-RR HH.MI.SSXFF AM'),0,to_timestamp('07-NOV-15 12.00.00.000000000 PM','DD-MON-RR HH.MI.SSXFF AM'),to_timestamp('11-NOV-15 12.00.00.000000000 PM','DD-MON-RR HH.MI.SSXFF AM'),'10','S4');
Insert into CSC540.ASSET_CHECKOUT (ID,ASSET_SECONDARY_ID,DUE_DATE,FINE,ISSUE_DATE,RETURN_DATE,ASSET_ASSET_ID,PATRON_ID) values (2,'B4',to_timestamp('08-AUG-15 12.00.00.000000000 PM','DD-MON-RR HH.MI.SSXFF AM'),null,to_timestamp('01-AUG-15 12.00.00.000000000 PM','DD-MON-RR HH.MI.SSXFF AM'),null,'9','S2');
Insert into CSC540.ASSET_CHECKOUT (ID,ASSET_SECONDARY_ID,DUE_DATE,FINE,ISSUE_DATE,RETURN_DATE,ASSET_ASSET_ID,PATRON_ID) values (4,'B2',to_timestamp('10-OCT-15 12.00.00.000000000 PM','DD-MON-RR HH.MI.SSXFF AM'),null,to_timestamp('01-OCT-15 12.00.00.000000000 PM','DD-MON-RR HH.MI.SSXFF AM'),null,'5','S3');
Insert into CSC540.ASSET_CHECKOUT (ID,ASSET_SECONDARY_ID,DUE_DATE,FINE,ISSUE_DATE,RETURN_DATE,ASSET_ASSET_ID,PATRON_ID) values (5,null,to_timestamp('01-NOV-15 05.00.00.000000000 PM','DD-MON-RR HH.MI.SSXFF AM'),0,to_timestamp('01-NOV-15 03.00.00.000000000 PM','DD-MON-RR HH.MI.SSXFF AM'),null,'19','S1');
Insert into CSC540.ASSET_CHECKOUT (ID,ASSET_SECONDARY_ID,DUE_DATE,FINE,ISSUE_DATE,RETURN_DATE,ASSET_ASSET_ID,PATRON_ID) values (6,null,to_timestamp('20-OCT-15 10.30.00.000000000 AM','DD-MON-RR HH.MI.SSXFF AM'),0,to_timestamp('20-OCT-15 09.00.00.000000000 AM','DD-MON-RR HH.MI.SSXFF AM'),null,'15','F2');
Insert into CSC540.ASSET_CHECKOUT (ID,ASSET_SECONDARY_ID,DUE_DATE,FINE,ISSUE_DATE,RETURN_DATE,ASSET_ASSET_ID,PATRON_ID) values (7,null,to_timestamp('05-NOV-15 06.00.00.000000000 PM','DD-MON-RR HH.MI.SSXFF AM'),0,to_timestamp('30-OCT-15 10.00.00.000000000 AM','DD-MON-RR HH.MI.SSXFF AM'),null,'CA1','S1');
Insert into CSC540.ASSET_CHECKOUT (ID,ASSET_SECONDARY_ID,DUE_DATE,FINE,ISSUE_DATE,RETURN_DATE,ASSET_ASSET_ID,PATRON_ID) values (8,null,to_timestamp('22-OCT-15 06.00.00.000000000 PM','DD-MON-RR HH.MI.SSXFF AM'),0,to_timestamp('16-OCT-15 10.00.00.000000000 AM','DD-MON-RR HH.MI.SSXFF AM'),null,'CA2','S2');
REM INSERTING into CSC540.ASSET_CHECKOUT_CONSTRAINT
SET DEFINE OFF;
Insert into CSC540.ASSET_CHECKOUT_CONSTRAINT (ASSET_SECONDARY_ID,PATRON_ID,ASSETCHECKOUT_ID) values ('B4','S2',2);
Insert into CSC540.ASSET_CHECKOUT_CONSTRAINT (ASSET_SECONDARY_ID,PATRON_ID,ASSETCHECKOUT_ID) values ('B2','S3',4);
REM INSERTING into CSC540.ASSET_PATRON_CONSTRAINT
SET DEFINE OFF;
Insert into CSC540.ASSET_PATRON_CONSTRAINT (DURATION,FINE,FINE_DURATION,PATRON_TYPE,ASSET_TYPE_ID) values (4,2,24,'S',4);
Insert into CSC540.ASSET_PATRON_CONSTRAINT (DURATION,FINE,FINE_DURATION,PATRON_TYPE,ASSET_TYPE_ID) values (12,2,24,'S',3);
Insert into CSC540.ASSET_PATRON_CONSTRAINT (DURATION,FINE,FINE_DURATION,PATRON_TYPE,ASSET_TYPE_ID) values (12,2,24,'S',2);
Insert into CSC540.ASSET_PATRON_CONSTRAINT (DURATION,FINE,FINE_DURATION,PATRON_TYPE,ASSET_TYPE_ID) values (336,2,24,'S',1);
Insert into CSC540.ASSET_PATRON_CONSTRAINT (DURATION,FINE,FINE_DURATION,PATRON_TYPE,ASSET_TYPE_ID) values (720,2,24,'F',1);
Insert into CSC540.ASSET_PATRON_CONSTRAINT (DURATION,FINE,FINE_DURATION,PATRON_TYPE,ASSET_TYPE_ID) values (156,1,1,'S',7);
Insert into CSC540.ASSET_PATRON_CONSTRAINT (DURATION,FINE,FINE_DURATION,PATRON_TYPE,ASSET_TYPE_ID) values (156,1,1,'F',7);
Insert into CSC540.ASSET_PATRON_CONSTRAINT (DURATION,FINE,FINE_DURATION,PATRON_TYPE,ASSET_TYPE_ID) values (12,2,24,'F',2);
Insert into CSC540.ASSET_PATRON_CONSTRAINT (DURATION,FINE,FINE_DURATION,PATRON_TYPE,ASSET_TYPE_ID) values (12,2,24,'F',3);
Insert into CSC540.ASSET_PATRON_CONSTRAINT (DURATION,FINE,FINE_DURATION,PATRON_TYPE,ASSET_TYPE_ID) values (4,2,24,'F',4);
Insert into CSC540.ASSET_PATRON_CONSTRAINT (DURATION,FINE,FINE_DURATION,PATRON_TYPE,ASSET_TYPE_ID) values (0,0,1,'S',5);
Insert into CSC540.ASSET_PATRON_CONSTRAINT (DURATION,FINE,FINE_DURATION,PATRON_TYPE,ASSET_TYPE_ID) values (0,0,1,'S',6);
Insert into CSC540.ASSET_PATRON_CONSTRAINT (DURATION,FINE,FINE_DURATION,PATRON_TYPE,ASSET_TYPE_ID) values (0,0,1,'F',6);
Insert into CSC540.ASSET_PATRON_CONSTRAINT (DURATION,FINE,FINE_DURATION,PATRON_TYPE,ASSET_TYPE_ID) values (0,0,1,'F',5);
REM INSERTING into CSC540.ASSET_TYPE
SET DEFINE OFF;
Insert into CSC540.ASSET_TYPE (ASSETTYPEID,CATEGORY,SUB_CATEGORY) values (1,'Publication','Book');
Insert into CSC540.ASSET_TYPE (ASSETTYPEID,CATEGORY,SUB_CATEGORY) values (2,'Publication','Journal');
Insert into CSC540.ASSET_TYPE (ASSETTYPEID,CATEGORY,SUB_CATEGORY) values (3,'Publication','ConferenceProceeding');
Insert into CSC540.ASSET_TYPE (ASSETTYPEID,CATEGORY,SUB_CATEGORY) values (4,'Publication','Reserved Book');
Insert into CSC540.ASSET_TYPE (ASSETTYPEID,CATEGORY,SUB_CATEGORY) values (5,'Room','Study Room');
Insert into CSC540.ASSET_TYPE (ASSETTYPEID,CATEGORY,SUB_CATEGORY) values (6,'Room','Conference Room');
Insert into CSC540.ASSET_TYPE (ASSETTYPEID,CATEGORY,SUB_CATEGORY) values (7,'Device','Camera');
REM INSERTING into CSC540.AUTHOR
SET DEFINE OFF;
Insert into CSC540.AUTHOR (ID,NAME) values ('1','SK Goyal');
Insert into CSC540.AUTHOR (ID,NAME) values ('2','HC Verma');
Insert into CSC540.AUTHOR (ID,NAME) values ('3','Resnick Halliday Walker');
Insert into CSC540.AUTHOR (ID,NAME) values ('4','RC Mukherjee');
Insert into CSC540.AUTHOR (ID,NAME) values ('5','Roberto Navigli');
Insert into CSC540.AUTHOR (ID,NAME) values ('6','Tim Berners Lee');
Insert into CSC540.AUTHOR (ID,NAME) values ('7','HyeongSik Kim');
Insert into CSC540.AUTHOR (ID,NAME) values ('8','Sidan Gao');
REM INSERTING into CSC540.BOOK
SET DEFINE OFF;
Insert into CSC540.BOOK (BOOK_ID,ISBN_NUMBER) values ('1','B1');
Insert into CSC540.BOOK (BOOK_ID,ISBN_NUMBER) values ('2','B1');
Insert into CSC540.BOOK (BOOK_ID,ISBN_NUMBER) values ('3','B1');
Insert into CSC540.BOOK (BOOK_ID,ISBN_NUMBER) values ('4','B2');
Insert into CSC540.BOOK (BOOK_ID,ISBN_NUMBER) values ('5','B2');
Insert into CSC540.BOOK (BOOK_ID,ISBN_NUMBER) values ('6','B2');
Insert into CSC540.BOOK (BOOK_ID,ISBN_NUMBER) values ('7','B3');
Insert into CSC540.BOOK (BOOK_ID,ISBN_NUMBER) values ('8','B3');
Insert into CSC540.BOOK (BOOK_ID,ISBN_NUMBER) values ('9','B4');
Insert into CSC540.BOOK (BOOK_ID,ISBN_NUMBER) values ('10','B4');
REM INSERTING into CSC540.BOOK_AUTHOR
SET DEFINE OFF;
Insert into CSC540.BOOK_AUTHOR (AUTHOR_ID,BOOK_ID) values ('1','B1');
Insert into CSC540.BOOK_AUTHOR (AUTHOR_ID,BOOK_ID) values ('2','B2');
Insert into CSC540.BOOK_AUTHOR (AUTHOR_ID,BOOK_ID) values ('3','B3');
Insert into CSC540.BOOK_AUTHOR (AUTHOR_ID,BOOK_ID) values ('4','B4');
REM INSERTING into CSC540.BOOK_DETAIL
SET DEFINE OFF;
Insert into CSC540.BOOK_DETAIL (ISBN_NUMBER,EDITION,PUBLICATIONYEAR,TITLE,PUBLISHER_ID) values ('B1','1',2005,'Introduction to Chemistry',1);
Insert into CSC540.BOOK_DETAIL (ISBN_NUMBER,EDITION,PUBLICATIONYEAR,TITLE,PUBLISHER_ID) values ('B2','2',2006,'Introduction to Organic Chemistry',2);
Insert into CSC540.BOOK_DETAIL (ISBN_NUMBER,EDITION,PUBLICATIONYEAR,TITLE,PUBLISHER_ID) values ('B3','3',2000,'Introduction to Physical Chemistry',3);
Insert into CSC540.BOOK_DETAIL (ISBN_NUMBER,EDITION,PUBLICATIONYEAR,TITLE,PUBLISHER_ID) values ('B4','4',2005,'Introduction to Inorganic Chemistry',4);
REM INSERTING into CSC540.CAMERA
SET DEFINE OFF;
Insert into CSC540.CAMERA (CAMERA_ID,CAMERA_DETAIL_ID) values ('CA1','C_CONFIG_1');
Insert into CSC540.CAMERA (CAMERA_ID,CAMERA_DETAIL_ID) values ('CA2','C_CONFIG_2');
Insert into CSC540.CAMERA (CAMERA_ID,CAMERA_DETAIL_ID) values ('CA3','C_CONFIG_2');
REM INSERTING into CSC540.CAMERA_DETAIL
SET DEFINE OFF;
Insert into CSC540.CAMERA_DETAIL (CAMERA_DETAIL_ID,LENSDETAIL,MAKER,MEMORYAVAILABLE,MODEL) values ('C_CONFIG_1','14-42mm lens 1:3.55.6','Olympus',16,'E-620');
Insert into CSC540.CAMERA_DETAIL (CAMERA_DETAIL_ID,LENSDETAIL,MAKER,MEMORYAVAILABLE,MODEL) values ('C_CONFIG_2','18-135mm EFS IS STM Lens','Cannon',32,'EOS Rebel T4i');
REM INSERTING into CSC540.CAMERA_RESERVATION
SET DEFINE OFF;
Insert into CSC540.CAMERA_RESERVATION (RESERVE_DATE,RESERVATION_STATUS,ISSUE_DATE,CAMERA_ID,PATRON_ID,CHECKOUT_ID) values (to_timestamp('03-NOV-15 10.00.00.000000000 AM','DD-MON-RR HH.MI.SSXFF AM'),'ACTIVE',to_timestamp('13-NOV-15 10.00.00.000000000 AM','DD-MON-RR HH.MI.SSXFF AM'),'CA3','S3',null);
Insert into CSC540.CAMERA_RESERVATION (RESERVE_DATE,RESERVATION_STATUS,ISSUE_DATE,CAMERA_ID,PATRON_ID,CHECKOUT_ID) values (to_timestamp('27-OCT-15 10.00.00.000000000 AM','DD-MON-RR HH.MI.SSXFF AM'),'ACTIVE',to_timestamp('30-OCT-15 10.00.00.000000000 AM','DD-MON-RR HH.MI.SSXFF AM'),'CA1','S1',7);
Insert into CSC540.CAMERA_RESERVATION (RESERVE_DATE,RESERVATION_STATUS,ISSUE_DATE,CAMERA_ID,PATRON_ID,CHECKOUT_ID) values (to_timestamp('12-OCT-15 10.00.00.000000000 AM','DD-MON-RR HH.MI.SSXFF AM'),'ACTIVE',to_timestamp('16-OCT-15 10.00.00.000000000 AM','DD-MON-RR HH.MI.SSXFF AM'),'CA2','S2',8);
REM INSERTING into CSC540.CLASSIFICATION
SET DEFINE OFF;
Insert into CSC540.CLASSIFICATION (ID,NAME) values (1,'Undergraduate');
Insert into CSC540.CLASSIFICATION (ID,NAME) values (2,'Graduate');
REM INSERTING into CSC540.CONFERENCE_PROCEEDING_DETAIL
SET DEFINE OFF;
Insert into CSC540.CONFERENCE_PROCEEDING_DETAIL (CONF_NUM,CONFERENCENAME,TITLE,PUB_YEAR) values ('C1','WWW','Optimization Techniques for Large Scale Graph Analytics on Map Reduce',2013);
Insert into CSC540.CONFERENCE_PROCEEDING_DETAIL (CONF_NUM,CONFERENCENAME,TITLE,PUB_YEAR) values ('C2','SIGMOD','An agglomerative query model for discovery in linked data: semantics and approach',2014);
REM INSERTING into CSC540.CONFERENCE_ROOM
SET DEFINE OFF;
Insert into CSC540.CONFERENCE_ROOM (CONF_ROOM_ID) values ('15');
Insert into CSC540.CONFERENCE_ROOM (CONF_ROOM_ID) values ('18');
REM INSERTING into CSC540.CONF_PROCEEDING
SET DEFINE OFF;
Insert into CSC540.CONF_PROCEEDING (CONF_PROC_ID,CONF_NUM) values ('13','C1');
Insert into CSC540.CONF_PROCEEDING (CONF_PROC_ID,CONF_NUM) values ('14','C2');
REM INSERTING into CSC540.CONF_PROC_AUTHOR
SET DEFINE OFF;
Insert into CSC540.CONF_PROC_AUTHOR (AUTHOR_ID,CONF_NUM) values ('7','C1');
Insert into CSC540.CONF_PROC_AUTHOR (AUTHOR_ID,CONF_NUM) values ('8','C2');
REM INSERTING into CSC540.COURSE
SET DEFINE OFF;
Insert into CSC540.COURSE (ID,COURSE_NAME) values (1,'CH101');
Insert into CSC540.COURSE (ID,COURSE_NAME) values (2,'CH102');
Insert into CSC540.COURSE (ID,COURSE_NAME) values (3,'CH103');
Insert into CSC540.COURSE (ID,COURSE_NAME) values (4,'CH104');
REM INSERTING into CSC540.DEGREE_PROGRAM
SET DEFINE OFF;
Insert into CSC540.DEGREE_PROGRAM (ID,NAME,CLASSIFICATION_ID) values (1,'BS',1);
Insert into CSC540.DEGREE_PROGRAM (ID,NAME,CLASSIFICATION_ID) values (2,'MS',2);
REM INSERTING into CSC540.DEGREE_YEAR
SET DEFINE OFF;
Insert into CSC540.DEGREE_YEAR (DEGREE_YEAR_ID,DEGREE_PROGRAM_ID,YEAR_ID) values (1,1,1);
Insert into CSC540.DEGREE_YEAR (DEGREE_YEAR_ID,DEGREE_PROGRAM_ID,YEAR_ID) values (2,1,2);
Insert into CSC540.DEGREE_YEAR (DEGREE_YEAR_ID,DEGREE_PROGRAM_ID,YEAR_ID) values (3,1,3);
Insert into CSC540.DEGREE_YEAR (DEGREE_YEAR_ID,DEGREE_PROGRAM_ID,YEAR_ID) values (4,1,4);
Insert into CSC540.DEGREE_YEAR (DEGREE_YEAR_ID,DEGREE_PROGRAM_ID,YEAR_ID) values (5,2,1);
Insert into CSC540.DEGREE_YEAR (DEGREE_YEAR_ID,DEGREE_PROGRAM_ID,YEAR_ID) values (6,2,2);
REM INSERTING into CSC540.DEPARTMENT
SET DEFINE OFF;
Insert into CSC540.DEPARTMENT (ID,DEPT_NAME) values (1,'Chemistry');
REM INSERTING into CSC540.ENROLL
SET DEFINE OFF;
Insert into CSC540.ENROLL (STUDENT_ID,COURSE_ID) values ('S1',1);
Insert into CSC540.ENROLL (STUDENT_ID,COURSE_ID) values ('S1',3);
Insert into CSC540.ENROLL (STUDENT_ID,COURSE_ID) values ('S1',4);
Insert into CSC540.ENROLL (STUDENT_ID,COURSE_ID) values ('S2',1);
Insert into CSC540.ENROLL (STUDENT_ID,COURSE_ID) values ('S2',2);
Insert into CSC540.ENROLL (STUDENT_ID,COURSE_ID) values ('S2',4);
Insert into CSC540.ENROLL (STUDENT_ID,COURSE_ID) values ('S3',1);
Insert into CSC540.ENROLL (STUDENT_ID,COURSE_ID) values ('S3',2);
Insert into CSC540.ENROLL (STUDENT_ID,COURSE_ID) values ('S3',3);
Insert into CSC540.ENROLL (STUDENT_ID,COURSE_ID) values ('S4',2);
Insert into CSC540.ENROLL (STUDENT_ID,COURSE_ID) values ('S4',3);
Insert into CSC540.ENROLL (STUDENT_ID,COURSE_ID) values ('S4',4);
REM INSERTING into CSC540.FACULTY
SET DEFINE OFF;
Insert into CSC540.FACULTY (FACULTY_ID,CATEGORY_ID) values ('F1',1);
Insert into CSC540.FACULTY (FACULTY_ID,CATEGORY_ID) values ('F2',2);
Insert into CSC540.FACULTY (FACULTY_ID,CATEGORY_ID) values ('F3',3);
Insert into CSC540.FACULTY (FACULTY_ID,CATEGORY_ID) values ('F4',1);
REM INSERTING into CSC540.FACULTY_CATEGORY
SET DEFINE OFF;
Insert into CSC540.FACULTY_CATEGORY (ID,NAME) values (1,'Professor');
Insert into CSC540.FACULTY_CATEGORY (ID,NAME) values (2,'Assistant Professor');
Insert into CSC540.FACULTY_CATEGORY (ID,NAME) values (3,'Associate Professor');
REM INSERTING into CSC540.JOURNAL
SET DEFINE OFF;
Insert into CSC540.JOURNAL (JOURNAL_ID,ISSN_NUMBER) values ('11','J1');
Insert into CSC540.JOURNAL (JOURNAL_ID,ISSN_NUMBER) values ('12','J2');
REM INSERTING into CSC540.JOURNAL_AUTHOR
SET DEFINE OFF;
Insert into CSC540.JOURNAL_AUTHOR (AUTHOR_ID,JOURNAL_ID) values ('5','J1');
Insert into CSC540.JOURNAL_AUTHOR (AUTHOR_ID,JOURNAL_ID) values ('6','J2');
REM INSERTING into CSC540.JOURNAL_DETAIL
SET DEFINE OFF;
Insert into CSC540.JOURNAL_DETAIL (ISSN_NUMBER,PUBLICATIONYEAR,TITLE) values ('J1',2010,'Journal of Web Semantic');
Insert into CSC540.JOURNAL_DETAIL (ISSN_NUMBER,PUBLICATIONYEAR,TITLE) values ('J2',2011,'International Journal on Semantic Web and Information');
REM INSERTING into CSC540.LIBRARY
SET DEFINE OFF;
Insert into CSC540.LIBRARY (LIBRARY_ID,LIBRARY_NAME,ADDRESSLINEONE,ADDRESSLINETWO,CITYNAME,PINCODE) values (1,'James B. Hunt Jr.','1070 Partners Way','Campus Box 7132','Raleigh',27606);
Insert into CSC540.LIBRARY (LIBRARY_ID,LIBRARY_NAME,ADDRESSLINEONE,ADDRESSLINETWO,CITYNAME,PINCODE) values (2,'D. H. Hill','2 Broughton Drive','Campus Box 7111','Raleigh',27695);
REM INSERTING into CSC540.LOGIN_DETAILS
SET DEFINE OFF;
Insert into CSC540.LOGIN_DETAILS (USERNAME,PASSWORD,PATRON_PATRON_ID) values ('jpink','38','S1');
Insert into CSC540.LOGIN_DETAILS (USERNAME,PASSWORD,PATRON_PATRON_ID) values ('wjr','2598','S2');
Insert into CSC540.LOGIN_DETAILS (USERNAME,PASSWORD,PATRON_PATRON_ID) values ('gboet','92025','S3');
Insert into CSC540.LOGIN_DETAILS (USERNAME,PASSWORD,PATRON_PATRON_ID) values ('sgood','87081','S4');
Insert into CSC540.LOGIN_DETAILS (USERNAME,PASSWORD,PATRON_PATRON_ID) values ('wwhite','97005','F1');
Insert into CSC540.LOGIN_DETAILS (USERNAME,PASSWORD,PATRON_PATRON_ID) values ('gfring','80993','F2');
Insert into CSC540.LOGIN_DETAILS (USERNAME,PASSWORD,PATRON_PATRON_ID) values ('hscrad','97238','F3');
Insert into CSC540.LOGIN_DETAILS (USERNAME,PASSWORD,PATRON_PATRON_ID) values ('swhite','27106','F4');
REM INSERTING into CSC540.PATRON
SET DEFINE OFF;
Insert into CSC540.PATRON (PATRON_ID,PATRON_TYPE,EMAIL_ADDRESS,FIRST_NAME,LAST_NAME,NATIONALITY,DEPARTMENT_ID) values ('S1','S','jpink@ncsu.edu','Jesse','Pinkman','American',1);
Insert into CSC540.PATRON (PATRON_ID,PATRON_TYPE,EMAIL_ADDRESS,FIRST_NAME,LAST_NAME,NATIONALITY,DEPARTMENT_ID) values ('S2','S','wjr@ncsu.edu','Walt','Jr.','American',1);
Insert into CSC540.PATRON (PATRON_ID,PATRON_TYPE,EMAIL_ADDRESS,FIRST_NAME,LAST_NAME,NATIONALITY,DEPARTMENT_ID) values ('S3','S','gboet@ncsu.edu','Gale','Boetticher','Chile',1);
Insert into CSC540.PATRON (PATRON_ID,PATRON_TYPE,EMAIL_ADDRESS,FIRST_NAME,LAST_NAME,NATIONALITY,DEPARTMENT_ID) values ('S4','S','sgood@ncsu.edu','Saul','Goodman','American',1);
Insert into CSC540.PATRON (PATRON_ID,PATRON_TYPE,EMAIL_ADDRESS,FIRST_NAME,LAST_NAME,NATIONALITY,DEPARTMENT_ID) values ('F1','F','wwhite@ncsu.edu','Walter','White','American',1);
Insert into CSC540.PATRON (PATRON_ID,PATRON_TYPE,EMAIL_ADDRESS,FIRST_NAME,LAST_NAME,NATIONALITY,DEPARTMENT_ID) values ('F2','F','gfring@ncsu.edu','Gustavo','Fring','American',1);
Insert into CSC540.PATRON (PATRON_ID,PATRON_TYPE,EMAIL_ADDRESS,FIRST_NAME,LAST_NAME,NATIONALITY,DEPARTMENT_ID) values ('F3','F','hscrad@ncsu.edu','Hank','Schreader','American',1);
Insert into CSC540.PATRON (PATRON_ID,PATRON_TYPE,EMAIL_ADDRESS,FIRST_NAME,LAST_NAME,NATIONALITY,DEPARTMENT_ID) values ('F4','F','swhite@ncsu.edu','Skyler','White','American',1);
REM INSERTING into CSC540.PATRON_TYPE
SET DEFINE OFF;
Insert into CSC540.PATRON_TYPE (PATRON_TYPE_ID,DESCRIPTION) values ('F','Faculty');
Insert into CSC540.PATRON_TYPE (PATRON_TYPE_ID,DESCRIPTION) values ('S','Student');
REM INSERTING into CSC540.PUBLICATION
SET DEFINE OFF;
Insert into CSC540.PUBLICATION (PUBLICATION_ID,PUBLICATIONFORMAT) values ('1','Physical copy');
Insert into CSC540.PUBLICATION (PUBLICATION_ID,PUBLICATIONFORMAT) values ('2','Physical copy');
Insert into CSC540.PUBLICATION (PUBLICATION_ID,PUBLICATIONFORMAT) values ('3','Electronic copy');
Insert into CSC540.PUBLICATION (PUBLICATION_ID,PUBLICATIONFORMAT) values ('4','Physical copy');
Insert into CSC540.PUBLICATION (PUBLICATION_ID,PUBLICATIONFORMAT) values ('5','Physical copy');
Insert into CSC540.PUBLICATION (PUBLICATION_ID,PUBLICATIONFORMAT) values ('6','Electronic copy');
Insert into CSC540.PUBLICATION (PUBLICATION_ID,PUBLICATIONFORMAT) values ('7','Physical copy');
Insert into CSC540.PUBLICATION (PUBLICATION_ID,PUBLICATIONFORMAT) values ('8','Physical copy');
Insert into CSC540.PUBLICATION (PUBLICATION_ID,PUBLICATIONFORMAT) values ('9','Physical copy');
Insert into CSC540.PUBLICATION (PUBLICATION_ID,PUBLICATIONFORMAT) values ('10','Physical copy');
Insert into CSC540.PUBLICATION (PUBLICATION_ID,PUBLICATIONFORMAT) values ('11','Physical copy');
Insert into CSC540.PUBLICATION (PUBLICATION_ID,PUBLICATIONFORMAT) values ('12','Physical copy');
Insert into CSC540.PUBLICATION (PUBLICATION_ID,PUBLICATIONFORMAT) values ('13','Physical copy');
Insert into CSC540.PUBLICATION (PUBLICATION_ID,PUBLICATIONFORMAT) values ('14','Physical copy');
REM INSERTING into CSC540.PUBLICATION_WAITLIST
SET DEFINE OFF;
REM INSERTING into CSC540.PUBLISHER
SET DEFINE OFF;
Insert into CSC540.PUBLISHER (ID,NAME) values (1,'Pub1');
Insert into CSC540.PUBLISHER (ID,NAME) values (2,'Pub2');
Insert into CSC540.PUBLISHER (ID,NAME) values (3,'Pub3');
Insert into CSC540.PUBLISHER (ID,NAME) values (4,'Pub4');
REM INSERTING into CSC540.RESERVE_BOOK
SET DEFINE OFF;
REM INSERTING into CSC540.ROOM
SET DEFINE OFF;
Insert into CSC540.ROOM (ROOM_ID,CAPACITY,FLOORLEVEL,ROOMNO) values ('15',2,3,'R1');
Insert into CSC540.ROOM (ROOM_ID,CAPACITY,FLOORLEVEL,ROOMNO) values ('16',3,3,'R2');
Insert into CSC540.ROOM (ROOM_ID,CAPACITY,FLOORLEVEL,ROOMNO) values ('17',4,2,'R3');
Insert into CSC540.ROOM (ROOM_ID,CAPACITY,FLOORLEVEL,ROOMNO) values ('18',3,3,'R4');
Insert into CSC540.ROOM (ROOM_ID,CAPACITY,FLOORLEVEL,ROOMNO) values ('19',3,3,'R5');
Insert into CSC540.ROOM (ROOM_ID,CAPACITY,FLOORLEVEL,ROOMNO) values ('20',4,3,'R6');
Insert into CSC540.ROOM (ROOM_ID,CAPACITY,FLOORLEVEL,ROOMNO) values ('21',4,2,'R7');
REM INSERTING into CSC540.ROOM_RESERVATION
SET DEFINE OFF;
Insert into CSC540.ROOM_RESERVATION (RESERVATION_ID,END_TIME,RESERVE_TIME,START_TIME,PATRON_ID,ROOM_ASSET_ID,CHECKOUT_ID) values (1,to_timestamp('01-NOV-15 11.30.00.000000000 AM','DD-MON-RR HH.MI.SSXFF AM'),to_timestamp('01-NOV-15 02.00.00.000000000 AM','DD-MON-RR HH.MI.SSXFF AM'),to_timestamp('01-NOV-15 09.00.00.000000000 AM','DD-MON-RR HH.MI.SSXFF AM'),'F1','17',null);
Insert into CSC540.ROOM_RESERVATION (RESERVATION_ID,END_TIME,RESERVE_TIME,START_TIME,PATRON_ID,ROOM_ASSET_ID,CHECKOUT_ID) values (2,to_timestamp('12-OCT-15 05.00.00.000000000 PM','DD-MON-RR HH.MI.SSXFF AM'),to_timestamp('12-OCT-15 02.00.00.000000000 PM','DD-MON-RR HH.MI.SSXFF AM'),to_timestamp('12-OCT-15 03.00.00.000000000 PM','DD-MON-RR HH.MI.SSXFF AM'),'S1','19',5);
Insert into CSC540.ROOM_RESERVATION (RESERVATION_ID,END_TIME,RESERVE_TIME,START_TIME,PATRON_ID,ROOM_ASSET_ID,CHECKOUT_ID) values (3,to_timestamp('01-NOV-15 01.30.00.000000000 PM','DD-MON-RR HH.MI.SSXFF AM'),to_timestamp('01-NOV-15 09.30.00.000000000 AM','DD-MON-RR HH.MI.SSXFF AM'),to_timestamp('01-NOV-15 11.00.00.000000000 AM','DD-MON-RR HH.MI.SSXFF AM'),'F4','20',null);
Insert into CSC540.ROOM_RESERVATION (RESERVATION_ID,END_TIME,RESERVE_TIME,START_TIME,PATRON_ID,ROOM_ASSET_ID,CHECKOUT_ID) values (4,to_timestamp('20-OCT-15 10.30.00.000000000 AM','DD-MON-RR HH.MI.SSXFF AM'),to_timestamp('20-OCT-15 10.30.00.000000000 AM','DD-MON-RR HH.MI.SSXFF AM'),to_timestamp('20-OCT-15 09.30.00.000000000 AM','DD-MON-RR HH.MI.SSXFF AM'),'F2','15',6);
REM INSERTING into CSC540.SEQUENCE
SET DEFINE OFF;
Insert into CSC540.SEQUENCE (SEQ_NAME,SEQ_COUNT) values ('SEQ_GEN',0);
REM INSERTING into CSC540.STUDENT
SET DEFINE OFF;
Insert into CSC540.STUDENT (STUDENT_ID,ALT_PHONE_NO,DOB,PHONE_NO,SEX,ADDRESSLINEONE,ADDRESSLINETWO,CITYNAME,PINCODE,DEGREEYEAR_DEGREE_YEAR_ID) values ('S1','123456787',to_date('10-MAR-88','DD-MON-RR'),'123456789','M','1511 Graduate Lane',null,'Raleigh',27606,1);
Insert into CSC540.STUDENT (STUDENT_ID,ALT_PHONE_NO,DOB,PHONE_NO,SEX,ADDRESSLINEONE,ADDRESSLINETWO,CITYNAME,PINCODE,DEGREEYEAR_DEGREE_YEAR_ID) values ('S2','123456781',to_date('11-MAR-88','DD-MON-RR'),'1234567890','M','1512 Graduate Lane',null,'Raleigh',27606,2);
Insert into CSC540.STUDENT (STUDENT_ID,ALT_PHONE_NO,DOB,PHONE_NO,SEX,ADDRESSLINEONE,ADDRESSLINETWO,CITYNAME,PINCODE,DEGREEYEAR_DEGREE_YEAR_ID) values ('S3','123456783',to_date('12-MAR-88','DD-MON-RR'),'123456782','M','1513 Graduate Lane',null,'Raleigh',27606,3);
Insert into CSC540.STUDENT (STUDENT_ID,ALT_PHONE_NO,DOB,PHONE_NO,SEX,ADDRESSLINEONE,ADDRESSLINETWO,CITYNAME,PINCODE,DEGREEYEAR_DEGREE_YEAR_ID) values ('S4','123456785',to_date('01-MAR-88','DD-MON-RR'),'123456784','M','1514 Graduate Lane',null,'Raleigh',27606,6);
REM INSERTING into CSC540.STUDY_ROOM
SET DEFINE OFF;
Insert into CSC540.STUDY_ROOM (STUDY_ROOM_ID) values ('16');
Insert into CSC540.STUDY_ROOM (STUDY_ROOM_ID) values ('17');
Insert into CSC540.STUDY_ROOM (STUDY_ROOM_ID) values ('19');
Insert into CSC540.STUDY_ROOM (STUDY_ROOM_ID) values ('20');
Insert into CSC540.STUDY_ROOM (STUDY_ROOM_ID) values ('21');
REM INSERTING into CSC540.TEACH
SET DEFINE OFF;
Insert into CSC540.TEACH (FACULTY_ID,COURSE_ID) values ('F1',1);
Insert into CSC540.TEACH (FACULTY_ID,COURSE_ID) values ('F2',2);
Insert into CSC540.TEACH (FACULTY_ID,COURSE_ID) values ('F3',3);
Insert into CSC540.TEACH (FACULTY_ID,COURSE_ID) values ('F4',4);
REM INSERTING into CSC540.YEAR
SET DEFINE OFF;
Insert into CSC540.YEAR (ID,NAME) values (1,'First Year');
Insert into CSC540.YEAR (ID,NAME) values (2,'Second Year');
Insert into CSC540.YEAR (ID,NAME) values (3,'Third Year');
Insert into CSC540.YEAR (ID,NAME) values (4,'Fourth Year');
COMMIT;

--------------------------------------------------------------------------------
--      ENABLE CONSTRAINTS
--------------------------------------------------------------------------------
ALTER TABLE DEGREE_PROGRAM ENABLE CONSTRAINT DEGREEPROGRAMCLASSIFICATION_ID;
ALTER TABLE DEGREE_YEAR ENABLE CONSTRAINT DEGREE_YEAR_DEGREE_PROGRAM_ID;
ALTER TABLE DEGREE_YEAR ENABLE CONSTRAINT FK_DEGREE_YEAR_YEAR_ID;
ALTER TABLE STUDENT ENABLE CONSTRAINT STUDENTDEGREEYEARDEGREEYEAR_ID;
ALTER TABLE ASSET ENABLE CONSTRAINT FK_ASSET_TYPE;
ALTER TABLE ASSET_PATRON_CONSTRAINT ENABLE CONSTRAINT FK_ASSET_P_C_ASSET_TYPE;
ALTER TABLE RESERVE_BOOK ENABLE CONSTRAINT FK_RESERVE_BOOK_COURSE_ID;
ALTER TABLE ENROLL ENABLE CONSTRAINT FK_ENROLL_COURSE_ID;
ALTER TABLE TEACH ENABLE CONSTRAINT FK_TEACH_COURSE_ID;
ALTER TABLE ASSET_CHECKOUT_CONSTRAINT ENABLE CONSTRAINT SSTCHCKUTCONSTRAINTSSTCHCKUTID;
ALTER TABLE ROOM_RESERVATION ENABLE CONSTRAINT ROOM_RESERVATION_CHECKOUT_ID;
ALTER TABLE CAMERA_RESERVATION ENABLE CONSTRAINT CAMERA_RESERVATION_CHECKOUT_ID;
ALTER TABLE ASSET_PATRON_CONSTRAINT ENABLE CONSTRAINT ASSET_PATRON_CONSTRAINT_P_TYPE;
ALTER TABLE PATRON ENABLE CONSTRAINT FK_PATRON_TYPE;
ALTER TABLE LOGIN_DETAILS ENABLE CONSTRAINT LOGIN_DETAILS_PATRON_PATRON_ID;
ALTER TABLE STUDENT ENABLE CONSTRAINT FK_STUDENT_STUDENT_ID;
ALTER TABLE FACULTY ENABLE CONSTRAINT FK_FACULTY_FACULTY_ID;
ALTER TABLE RESERVE_BOOK ENABLE CONSTRAINT FK_RESERVE_BOOK_FACULTY_ID;
ALTER TABLE ASSET_CHECKOUT ENABLE CONSTRAINT FK_ASSET_CHECKOUT_PATRON_ID;
ALTER TABLE ASSET_CHECKOUT_CONSTRAINT ENABLE CONSTRAINT SSETCHECKOUTCONSTRAINTPATRONID;
ALTER TABLE ROOM_RESERVATION ENABLE CONSTRAINT FK_ROOM_RESERVATION_PATRON_ID;
ALTER TABLE CAMERA_RESERVATION ENABLE CONSTRAINT CAMERA_RESERVATION_PATRON_ID;
ALTER TABLE ENROLL ENABLE CONSTRAINT FK_ENROLL_STUDENT_ID;
ALTER TABLE ASSET ENABLE CONSTRAINT FK_ASSET_LIBRARY_ID;
ALTER TABLE TEACH ENABLE CONSTRAINT FK_TEACH_FACULTY_ID;
ALTER TABLE FACULTY ENABLE CONSTRAINT FK_FACULTY_CATEGORY_ID;
ALTER TABLE PATRON ENABLE CONSTRAINT FK_PATRON_DEPARTMENT_ID;
ALTER TABLE BOOK_AUTHOR ENABLE CONSTRAINT FK_BOOK_AUTHOR_AUTHOR_ID;
ALTER TABLE CONF_PROC_AUTHOR ENABLE CONSTRAINT FK_CONF_PROC_AUTHOR_AUTHOR_ID;
ALTER TABLE JOURNAL_AUTHOR ENABLE CONSTRAINT FK_JOURNAL_AUTHOR_AUTHOR_ID;
ALTER TABLE BOOK_DETAIL ENABLE CONSTRAINT FK_BOOK_DETAIL_PUBLISHER_ID;
ALTER TABLE PUBLICATION ENABLE CONSTRAINT FK_PUBLICATION_PUBLICATION_ID;
ALTER TABLE BOOK ENABLE CONSTRAINT FK_BOOK_BOOK_ID;
ALTER TABLE CAMERA ENABLE CONSTRAINT FK_CAMERA_CAMERA_ID;
ALTER TABLE CONF_PROCEEDING ENABLE CONSTRAINT CONF_PROCEEDING_CONF_PROC_ID;
ALTER TABLE JOURNAL ENABLE CONSTRAINT FK_JOURNAL_JOURNAL_ID;
ALTER TABLE ROOM ENABLE CONSTRAINT FK_ROOM_ROOM_ID;
ALTER TABLE STUDY_ROOM ENABLE CONSTRAINT FK_STUDY_ROOM_STUDY_ROOM_ID;
ALTER TABLE CONFERENCE_ROOM ENABLE CONSTRAINT CONFERENCE_ROOM_CONF_ROOM_ID;
ALTER TABLE ASSET_CHECKOUT ENABLE CONSTRAINT ASSET_CHECKOUT_ASSET_ASSET_ID;
ALTER TABLE ROOM_RESERVATION ENABLE CONSTRAINT ROOM_RESERVATION_ROOM_ASSET_ID;
ALTER TABLE CAMERA_RESERVATION ENABLE CONSTRAINT CAMERA_RESERVATION_CAMERA_ID;
ALTER TABLE BOOK ENABLE CONSTRAINT FK_BOOK_ISBN_NUMBER;
ALTER TABLE BOOK_AUTHOR ENABLE CONSTRAINT FK_BOOK_AUTHOR_BOOK_ID;
ALTER TABLE CAMERA ENABLE CONSTRAINT FK_CAMERA_CAMERA_DETAIL_ID;
ALTER TABLE CONF_PROCEEDING ENABLE CONSTRAINT FK_CONF_PROCEEDING_CONF_NUM;
ALTER TABLE CONF_PROC_AUTHOR ENABLE CONSTRAINT FK_CONF_PROC_AUTHOR_CONF_NUM;
ALTER TABLE JOURNAL ENABLE CONSTRAINT FK_JOURNAL_ISSN_NUMBER;
ALTER TABLE JOURNAL_AUTHOR ENABLE CONSTRAINT FK_JOURNAL_AUTHOR_JOURNAL_ID;
--------------------------------------------------------------------------------
--      END
--------------------------------------------------------------------------------
